{
    "name": "Gmail Checker", 
    "default_locale": "en", 
    "creator": "Kango", 
    "description": "Gmail Checker", 
    "framework_version": "1.8.0 3dc957b83b36", 
    "background_scripts": [
        "main.js"
    ], 
    "homepage_url": "http://kangoextensions.com/", 
    "version": "1.2.0", 
    "framework_package_id": "dev", 
    "id": "{6F4DCD7C-7E52-11E0-8BAC-3CB64724019B}", 
    "locales": [
        "en", 
        "ru"
    ], 
    "browser_button": {
        "caption": "Gmail Checker", 
        "tooltipText": "Gmail Checker", 
        "icon": "icons/button_gray.png"
    }
}