{
    "name": "OptionsPageDemo", 
    "creator": "Kango", 
    "description": "Options page demo", 
    "framework_version": "1.8.0 3dc957b83b36", 
    "background_scripts": [
        "main.js"
    ], 
    "homepage_url": "http://kangoextensions.com/", 
    "version": "1.2.0", 
    "options_page": "options.html", 
    "framework_package_id": "dev", 
    "id": "{8B1E10D0-8DE6-4685-AA5D-0EE08C4220B2}", 
    "browser_button": {
        "caption": "Open options page", 
        "tooltipText": "Open options page", 
        "icon": "icons/button.png"
    }
}