{
    "context_menu_item": {
        "caption": "ContextMenuItemDemo"
    }, 
    "content_scripts": [
        "content.js"
    ], 
    "name": "ContextMenuItemDemo", 
    "creator": "Kango", 
    "description": "Context menu item demo", 
    "framework_version": "1.8.0 3dc957b83b36", 
    "background_scripts": [
        "main.js"
    ], 
    "homepage_url": "http://kangoextensions.com/", 
    "version": "1.2.0", 
    "framework_package_id": "dev", 
    "id": "{A5FCE629-2461-45BA-A597-E1E74DFC9C34}", 
    "browser_button": {
        "caption": "ContextMenuItemDemo", 
        "icon": "icons/button.png", 
        "tooltipText": "ContextMenuItemDemo"
    }
}