{
    "content_scripts": [
        "js/content.js"
    ], 
    "name": "Mautic Helper", 
    "default_locale": "en", 
    "creator": "Werner Garcia", 
    "description": "Mautic Helper Extension", 
    "framework_version": "1.8.0 3dc957b83b36", 
    "background_scripts": [
        "assets/jquery-1.10.2.min.js", 
        "js/background.js"
    ], 
    "homepage_url": "http://mautic.com", 
    "version": "0.9.0", 
    "options_page": "pages/options.html", 
    "framework_package_id": "dev", 
    "id": "cdmdlgfmkikckdagdmhcpoihljmhiklk", 
    "locales": [
        "en", 
        "es"
    ], 
    "browser_button": {
        "caption": "Mautic Helper", 
        "tooltipText": "Mautic Helper Extension", 
        "icon": "icons/button_d.png"
    }
}