{
    "browser_button": {
        "caption": "BrowserEvents", 
        "icon": "icons/button.png", 
        "tooltipText": "BrowserEvents"
    }, 
    "creator": "Kango", 
    "description": "Browser API demo", 
    "framework_version": "1.8.0 3dc957b83b36", 
    "background_scripts": [
        "main.js"
    ], 
    "homepage_url": "http://kangoextensions.com/", 
    "version": "1.2.0", 
    "framework_package_id": "dev", 
    "id": "{5199adde-9dab-11e1-85e6-005056c00008}", 
    "name": "BrowserEvents"
}