{
    "content_scripts": [
        "content.js"
    ], 
    "name": "MessagingDemo", 
    "creator": "Kango", 
    "description": "Messaging API demo", 
    "framework_version": "1.8.0 3dc957b83b36", 
    "background_scripts": [
        "main.js"
    ], 
    "homepage_url": "http://kangoextensions.com/", 
    "version": "1.2.0", 
    "framework_package_id": "dev", 
    "id": "{16417861-2c2f-11e1-a9de-005056c00008}", 
    "browser_button": {
        "caption": "MessagingDemo", 
        "icon": "icons/button.png", 
        "tooltipText": "MessagingDemo"
    }
}